seq.name,enzyme,spp,pident,length,mismatch,gapopen,qstart,qend,sstart,send,evalue,bitscore,seq.text
Oga-201|Adig_Acropora_digitifera_3902,Oga-201,Adig,49.279,416,162,5,60,427,142,1386,6.78e-126,401,FISGVVEGFYGRPWTYEQRKELFSRLRHLKMTTYLYAPKDDLKHRALWRDLYTPEETENLKQLIASSKEYGIKFYYALSPGLDILFSSTRDIQQLKRKMSQVQKLGCEAFALLFDDIDPQLHGPDVESFRSFGEAQVEITNSIYKYLGCP-NFLFCPTEYCGTRAIPNVETSDYLLTLGSKLNPKINIMWTGPKVVSKVITTQTIEALTTVLKRKPVIWDNIHANDYDQRRVFLGPYDGRPVELFPLLNGVLTNPNCEFESNFIAVHTLASWLRDSSLVTSEEPMSIDPKASSSAEPMEEDPLASTESNESGSADRKPEEVVSQGVVPSESNDTETTKVDGEMDTESGASLNETKSTVTRTFYDPQNALKEAVTAWLEEFSKVKNATSRTYAKSGAYCVTPDSMPIQMQAPMAAST
Ogt-201|Adig_Acropora_digitifera_10548,Ogt-201,Adig,80.317,315,62,0,401,715,1,945,0,564,MGNTLKEMQDIQGAIQCYTRAIQINPAFADAHSNLASVHKDSGNIPEAIQSYRTALKLKPSFPDAYCNLAHCLQIICDWTDYDSRMKKLVSIVADQLENNRLPSVHPHHSMLYPLTHQMRRDIANRHGNLCVEKVALLHKPPYPYPKSLKESDGRLRIGYVSSDFGNHPTSHLMQSIPGFHDTNRVEIFCYALTADDNTSFRRKIEGDSEHFIDLSSIPCHGDAADRINADGIHVLVNMNGYTKGARNEIFALRPAPIQVMWLGYPGTSGAPYMDYIITDKVTSPLELADQYSEKLAYMPNTFFVGDHKQMFPHL
Oga-201|Ahya_Acropora_hyacinthus_7079,Oga-201,Ahya,43.478,69,35,1,648,712,212,6,1.13e-22,63.2,KGSIAALDTFVNWLSSKNKRKKQKGQSFFPEDPEPWVFRGGLCGELQRLLPIDGGHEVFNLRAPDVPTT
Ogt-201|Ahya_Acropora_hyacinthus_5140,Ogt-201,Ahya,91.892,148,12,0,229,376,10,453,2.74e-90,283,FNLGNVLKEARIFDRAVAAYLRALNLSPNHAVVHGNLACVYYEQGLIDLAVDTYRRAIELQPNFPDAYCNLANALKEQGKVTEAEECYNTALRLCPTHADSLNNLANIKREQGKIEESVRLYCKALEIFPEFAAAHSNLASVLQQQGK
Oga-201|Amil_Acropora_millepora_5781,Oga-201,Amil,40.043,924,421,18,60,916,118,2691,0,630,FISGVVEGFYGRPWTYEQRKELFSRLRHLKMTTYLYAPKDDLKHRALWRDLYTPEETENLKQLIASSKEYGIKFYYALSPGLDILFSSTRDIQQLKRKMSQVQKLGCEAFALLFDDIDPQLHGPDVESFRSFGEAQVEITNSIYKYLGCP-NFLFCPTEYCGTRAIPNVETSDYLLTLGSKLNPKINIMWTGPKVVSKVITTQTIEALTTVLKRKPVIWDNIHANDYDQRRVFLGPYDGRPVELFPLLNGVLTNPNCEFESNFIAVHTLASWLRDSSLVTSEEPMSIDPKASSSAEPMEEDPLASTESNESGSADRKPEEVVSQGVVPSESNDTETTKVDGEMDTESGASLNETKSTVTRTFYDPQNALKEAVTAWLEEFS--------KVKNATSRTYAKSGAYCVTTDSM------------PIQMQA----------------------PMAASTRAVTTVSTSTVSSPVTTPSPTKVAKE-----NSRKKLSSSVSLETKDEAAKKEQEIPMDVTEMKQK----PAPT--------PLSTDDLLLLVDLFYLPYNHGQQAKQIVSDFKWLKFNAIKEDSQEFMELTEQEQKTKVSEWNEKAEKFHEICRSVEEMFVRLTETSNRALVYDLYPYVWDVKEVLQLLDTFVNWLSSKNKRKKQKGQSFFPEDPEPWVFRGGLCGELQRLLPIDGGHEGFNLRAPDVPTTCIYTIRPYQPEDESSLYEICVSTCDD-----WQDGHDLFPCRRFKMAGDRFVGPYLKICPEHVFVVEDGDGRCGFAVATSDSKHFYEQLKKHWLPEVCKKYEKPEGNSSEWTFAEQLASSFHNPSIFLPQDLHAKYSAHVQIYLLPRAQDLGLGKRLLACVLSALKAEDCTGVHCEIATTNSGALDFYTKLGFYKIPLKDQGAP-DTVIFGRTF
Ogt-201|Amil_Acropora_millepora_1526,Ogt-201,Amil,80.317,315,62,0,401,715,1,945,0,562,MGNTLKEMQDIQGAIQCYTRAIQINPAFADAHSNLASVHKDSGNIPEAIQSYRTALKLKPSFPDAYCNLAHCLQIICDWTDYDSRMKKLVSIVADQLENNRLPSVHPHHSMLYPLTHQMRRDIANRHGNLCVEKVALLHKPPYPYPKSLKESDGRLRIGYVSSDFGNHPTSHLMQSIPGFHDTNRVEIFCYALTADDNTSFRRKIEGDSEHFIDLSSIPCHGDAADRINADGIHVLVNMNGYTKGARNEIFALRPAPIQVMWLGYPGTSGAPYMDYIITDKVTSPLELADQYSEKLAYMPNTFFVGDHKQMFPHL
Oga-201|Apal_XM_021051864.2,Oga-201,Apal,48.456,421,180,4,59,443,208,1467,2.07e-117,388,KFLSGVVEGFYGRPWTFEQRKELFLRLKSLGMNTYLYAPKDDLKHRALWRDPYNKEESDNLKQLIDCAKQHDIMFYYALSPGLDMVFSNPKEVALLRKKMEQMQSLGCDAFALLFDDIDPALKAPDEEVFDSFAAAQVQVTNEVFHALNKPK-FMFCPTEYCATRAVPNVENSEYLRTLGNNLDCEIDILWTGPKVISKVITPHSIQVLSNVLKRKPVIWDNIHANDYDQRRMFLGPYHGRPTQLYNSVGGVLTNPNCEFESNFVAIHTLGTWVKCAKGETPAEEPMSLDVESEKSTDKMDEDTEIPEKDAVESDKTEKSEPKENGDYPMETDSSTSLVPPPQRVFFTAGIYDPDTALKDAVSAWLLEFSKEKGASSKVYAKSGPYSLAPPPSVVKTQASIVSDTVTTTMLSPSISSTKTA
Ogt-201|Apal_XM_021058354.2,Ogt-201,Apal,72.498,1029,206,7,24,1035,164,3070,0,1541,LAEIAHREYQTGNYDRAEQICMQLWRREPNNTGVLLLLSSIHFQCRRLDRSAHFSALAIKQNPMLAEAYSNLGNVFKERGQLKDALDNYRHAVKLKPDFIDGYINLAAALVAAGDLEGAVHAYATALQYNPDLYCVRSDLGNLLKALGRLEEAKACYLKAIETQPSFAVAWSNLGCVFNAQGEIWLAIHHFEKAVQLDPNFLDAYINLGNVLKEARIFDRAVAAYLRALNLSPNHAVVHGNLACVYYEQGLIDLAVDTYRRAIELQPNFPDAYCNLANALKEQQKVNKAEECYNTALRLCPTHADSLNNLANIKREQGKIEESIRLYCKALDIFPEFAAAHSNLASVLQQQGKLQEALLHYKEAIRIHPTFADAYSNMGNLLKEMQDVQGAIQCYTRAIQINPAFADAHSNLASVHKDSGNIPEAIQSYRTALKLKSNFPDAYCNLAHCLQIICDWTDYDSRMKKLVSIVAEQLDNNRLPSVHPHHSMLYPLTHEFRKAIANRHGNLCVEKVALLRKPEYNYPKDLSQSGGRLRVGYVSSDFGNHPTSHLMQSIPGFHDRSRVEVYCYALTPDDNTSFRKKISHESEHFVDFSSTGCHGDVADRINADGIHILVNMNGYTKGARNEIFALRPAPIQAMWLGYPGTSGAPYMDYIVTDKTTSPLDCTDQYSEKLSYMPHTFFVGDHKQMFPHLMQSLRTVPTEVVVTENGQT--NAIHQPHAISRLLNGETHPSLLNKVPALVEAKKEEYAGCKDSGER------------IPSTT------PVINRSQ----------------------------------------YGLPENAFVYCNFNQLYKIDPKTLKVWANILKKVPNSVLWLLRFPAVGEANIKAEMASEGVAEGRVIFSPVAPKEEHVRRGQLADVCLDTPLCNGHTTCMDVLWAGCPVITLPLDTLASRVAASQLTALGCSELIADSRTNYEEIAVKLGVDKPYYERLRTKVWKNRFTSPLFNTRQYTHDLESLFFKMWRRREQNLEPDH
Oga-201|Apoc_chromosome_12.1897_1,Oga-201,Apoc,40.887,406,218,8,530,916,871,2079,8.17e-85,287,DENTAKKEQEMPMEISELKEKPAMT--PLSVEDLLLLVDLFYLPYNHGQKAKQIISDFKWLKFNAIKEDSQEFMELTEQEQKSKITEWNDRAEKFHEICRSVGEMFVRLTETSNRALLYDLYPYVWDVKEVLQLLDTFVNWLSTKNKRKKQKGQSFFPEDPEPWVFRGGLCGELQRLLPIDGGHEVFNLRAPEIPTTCIYTIRPYQTEDEKSLYEICVSTCDDWEDGHDLFPCK-QFNMAGDRFVGPYLKICPEHVFVVEDGDGICGYAVAAPDSKHFYEQFKKHWLPEVCKKYQKPKGNSSEWTYAEQLASSFHSPKIFLPEDLALKFSAHVQIYLLPRAQDLGLGNRLLACVLSALKAEECTGVHCEIATTNNNALDFYTKLGFYNIPLKEPAPPDAVIFGRTF
Ogt-201|Apoc_chromosome_6.611_1,Ogt-201,Apoc,85.116,692,103,0,24,715,55,2130,0,1269,LAELAHREYQAGSYDRAEQICMQLWRQQPENTGVLLLLSSIHFQCRRLDRSAHFSTLAIKQNPVLAEAYSNLGNVFKERGQLKDALDNYRHAVKLKPDFIDGYINLAAALVAAGDLEGAVNAYATALQYNPDLYCVRSDLGNLLKALGRLEEAKACYLKAIETQPSFAVAWSNLGCVFNAQGEIWLAIHHFEKAVQLDQNFLDAYINLGNVLKEARIFDRAVAAYLRALNLSPNHAVVHGNLACVYYEQGLIDLAVDTYRRAIELQPNFPDAYCNLANALKEQGKVTEAEECYNTALRLCPTHADSLNNLANIKREQGKIEESVRLYCKALEIFPEFAAAHSNLASVLQQQGKLHEALLHYKEAIRIHPTFADAYSNMGNTLKEMQDIQGAIQCYTRAIQINPAFADAHSNLASVHKDSGNIPEAIQSYRTALKLKPSFPDAYCNLAHCLQIICDWTDYESRMKKLVSIVADQLENNRLPSVHPHHSMLYPLTHKMRRDIANRHGNLCVEKVALLHKPPYSYPNSLKESGGRLRIGYVSSDFGNHPTSHLMQSIPGFHDSNKVEIFCYALTADDSTSFRKKIEGDAEHFVDLSSIPCHGEAADRINADGIHVLVNMNGYTKGARNEIFALRPAPVQVMWLGYPGTSGAQYMDYIITDEVTSPLELADQYSEKLAYMPYTFFVGDHKQMFPHL
Oga-201|Aque_XM_020001358.1,Oga-201,Aque,37.939,912,412,18,60,916,88,2526,0,551,FLCGVVEGFYGRPWSTEQRLDLFNCMSQWTLNCYLYAPKDDDKHRSSWRELYLLEEADHLAMLIKETKDRGIEFVYAIAPGLDITFSDDKEVVSLKRKLEQVLALGCNSFAILFDDIDPDLSSKDAKVYSSAAHAQVTITNDLYSSLGEPQIFLFCPTEYCGSRAVPSVKDSPYLNYIGENLRQGIDIMWTGPKVISKSISISSIEEVSSVLHRPPVIWDNLHANDYDQRRLFLGPYHGRSTLLYSHLNGVLTNPNCEYGANYIPIHTLAQWKKSGQ--CYSDRMSQDVAGGGEGVRAGETEEEGRMEMSDVSV-YNPTEALEIALHEWMNEF----LSSKRKLEDYG-------------GPAKDSKSVLRAATQD--------------------------------MEEQYEGVSNTNDKN--------------SGMTDDGKDRASSGSSDM--------DTTSENIDDSIDSEDLPTPPSTLHAPPKGACLFTIRDLRILVDLYYLPHIHGKKGSFILEEFGWLKKHAVYSDVVKKLEERGGGEGEVGGDEEGKRQEVKLKVLSQSDGEEEDREEEEEETQTGDNDELAEIWLERALRFHNLCEDVNLCFDHLTTVPNRSLLYDLYQYMSAARETTALLDSYISWLEAGGSQDHPK-------HKPHSRMGGIVAEMLRLLPSDEVK------------GRTYLIRPYREEDKDALYKVCLETGDNGNDGTHLFSNFPELLGDRYVGPYLHLSSDLCYVLEDRDGPCGYILSALDSLKFYRDFETTWLPIVTRKY--PVISKVNTDEEKMLQEIHSPTLFLPNELYQRYPSHLHIDIMKRAQGLGNGTSLIKSLLIMLKEKGSCGVHLEMSPKNKRALQFYLKLG-FNVLD---YPNHDCLILGKVL
Ogt-201|Aque_XM_003386886.3,Ogt-201,Aque,69.009,1039,284,6,24,1036,577,3657,0,1487,LAEMAHREYQRGNYDLSERLCMELWRREPDNTGCLLLLSSIHFQCRRLEKSAHFSTLAIKKNLTLAEAYSNLGNVFKEKGQLDQALQHYRHAVHLKPDFVDGYINLAAALVANGDLLDAVEAYNTALHINPDLYGVRSDLGNLYKALGRLEDAKSCYMKAIETHPTFAVAWSNLGCVYNSQGEIWLAIHHFEKAVQLDPAFQDAYINLGNVLKEARIFDRAVAAYLRALSLSPNHAIVHGNLACVYYEQGLIELAIDTYKRAIELQPHFPDAYCNLANALKEQGKVAEAEECYNIALKMNSSHADSLNNLANIKREQGHIDEAIKLYKRALEIMPEFAAAHSNLASILQMQGKLQDALLHYKEAIRIHPNFADAYSNMGNTLKEMQDFQGALQCYSRAIQINPAFADAHSNLASIHKDSGNIPEAITSYRMALKLKPDFPDAFCNLAHCLQIVCDWSDYESRMKRIVQIVGEQLAKNRLPSVHPHHSMLYPLSHGQRKGIAARHATLCLEKVSTLHKAPYQYPKDRSASGGRLRIGYISSDFCNHPTSHLMQSVPGFHNRAKVEVFCYSLSPDDNTSFRRKIAQESEHFIDLSKVPDNGAAANRINSDGIHVLVNMNGYTKGARNEIFALKPAPVQIMWLGYPGTSGASYMDYIITDRVTSPMNLADQYSEKLAYMPRTFFVGDHRYMFPHLL------FKGQGTT--DPAPLQAIDSQSGVTSINSVIQRPVHSITGGNRQASSTQALQQQKLALQQQKSLLIQQHQSCLHNLQQQPHNHLYLQQCQQSQQALQKIQASLNQLSQQTAIASTPQPEHPLAMPTDLP----LTTRAQYGLPEGAVVYCNFNQLYKIDPATLESWANILKRVPNSIMWLLRFPAVGEPNVVATTQKLGIQPSRIIFSPVAPKEEHVRRGRLADMCLDTPLCNGHTTGMDVLWAGTPVLTLPLETLASRVAASQLISLGFPELVASSRQEYEDIAVTYGNNPAKLKALKTRVQDARLTSSLFDTKKYTQDLEGIFFRAWERHEQGLPPDHL
Oga-201|Cgig_G16618.17,Oga-201,Cgig,41.741,896,441,14,58,916,40,2595,0,700,RKFVCGAVEGFYGRPWTTEQRKILFEWLKKMKMNTYMYAPKDDCKHRAFWRDLYSVEEAENLTSLIEAAKENGVEFVYALSPGLDITFSSAKDVQFLKRKLEQVTSFGCTAFALLFDDIEPGLSETDRSVFQSFGSAQVAVTNEVYQHLGQPQ-FYFCPTEYCSSRAVPNLLSSDYLNTLGAKLLKDIDILWTGQKVISKKLTIQHLQEVSSVIKRPPVIWDNIHANDYDPRRMFLGPFDGRSPEIIPYLRGLLTNPNCEFEANYMALHTLGQWSTSNNDGLKKDIIADGEHLSPVASDIRLETENDFGANEDLPSRIDKRYQARLALNIALNDWMQEINTNRQ-PPRVVAPLTITGPPIPIPPVPAPPMDNSATAVCGENMAASFTGNQPVVSQGNLVNS--TIPSDSESELSEDPEPMEYVPSAVSTSDGCKD---ISTVVPAEDAMQV-----------ETEMPSVVIDKDCC----------MTNPENF---------------TREDLGLLVDFFYTPFDHGMTSTQLLQDLHFLKVNAGVVVQGQAKTNLAEATAWMEAADKFLAVVQKVDRMIRLLQMIPNTAVVHEFFSYLWDLQGLIQLCACYVQWLKLGQIKESALPRLSEPSPNSPTWCSKGYKELFHSGDQEPWVFRGGVQGEIQRLLPSDGAHDLFLMRPPEVLLKKMYSYRPYQLSDEASTYNICLRTCDDGMDGTEVFPDYPNLIADRIIGAIVSLSPEYCFVVCDDQGVCGYALASLNAVELRQKTEVSWIPAMYQKYPKPSKE-ELTPSEEVIMSFHTPQRCTPLSVTQRYPSVIRLDFIPARVEDYSVPKRLLACAVMALKTSGSTGIHVEMNVGDKCMIDHYQRMGFFPIVDIPGAPDDVVYLGRAI
Ogt-201|Cgig_G24503.5,Ogt-201,Cgig,78.508,1019,209,5,23,1037,25,3063,0,1669,GLAELAHQEYQAGDYDNSEQHCMQLWRQEPDNTGVLLLLSSIHFQCRRLERSAYFSQLAIKQNPMLAEAYSNLGNVFKERGQLQEALENYRHAVRLKPDFIDGYINLAAALVAAGDMEQAVQAYVTALQYNPDLYCVRSDLGNLLKALGRLDEAKTCYLKAIETQPNFAVAWSNLGCVFNAQGEIWLAIHHFEKAVALDPNFLDAYINLGNVLKEARIFDRAVAAYLRALNLSPNHAVVHGNLACVYYEQGLIDLAIDTYKRAIELQPNFPDAYCNLANALKEKGKVVEAEECYNTALKLSPTHADSLNNLANIKREQGNTEEAVKLYLKALEVYPEFAVAHSNLASVLQQQGKLHEALMHYKEAIRISPTFADAYSNMGNTLKEMQDIQGALQCYTRAIQINPAFADAHSNLASIHKDSGNIPEAIASYRIALKLKPDFPDAYCNLAHCLQIVCDWTDYSSRMKRLVHIVKDQLAKNRLPSVHPHHSMLYPLSHKMRKAIAARHANLCLEKINVLHKPPYDHPKELKEPKGRLRVGYVSSDFGNHPTSHLMQSIPGFHDRDNVEVFCYSLSPDDGTTFRAKINAEAEHCIDLSQIPCNGKAADKIFADGIDILVNMNGYTKGARNELFALRPAPIQVMWLGYPGTSGATFMDYILTDEVTSPLNLADQYSENLAYMPNTFFIGDHMQMFPHLKEKLLVEV--DGKVSDNNIMLNGVNLEALKHS-GQLKTITYTAAHGETTDNNDGSPGQVTFEVMSLPVQPILQT---MAQTGLSHSCINDVVIQNGVTTNQTNNKAATGEEIPQNIIISARSQYGLPEDAVIYCNFNQLYKIDPQTLHMWIEILKQVPDGVLWLLRFPAVGETNVLQTAANAGLSPGRIIFSPVAPKEEHVRRGQLADVCLDTPLCNGHTTGMDVLWAGTPMVTLLGETLASRVASSQLNTLGCPELIAKTSEDYIRIASKLGTDKAHLQAMRAKVWKARLTSPLFNCKTYARNMELLYRKMWQKYVNGEEASHIV
Oga-201|Emue_Em0008g1261a.t1,Oga-201,Emue,36.034,358,208,9,552,895,670,1722,2.7199999999999998e-67,236,PFSLDDLRLLVDFFYLPFQHGMLACTLLEEFVWLKENAPGYDTKQMYRDHADRGNGGKVGQWLERTKQFRVLCTAVSNMYVRLTTIPNRLILYDLYHYVWDAKEMTSLLNSYLSWL----EAGGSEVSPEREPYVRQGGIVADMQRLLPQMSSCEELFNHHTAPPHSPSPHIYTIRPYTLDDKGSVYETCLKTASCGDDATTL-YPSNPELPGDRFVGPYCVLSSELSFVLEDSEGVCGYVLGVLDSQRFYERIKKEWLPLMCSKY-PPAGSKAMNRTEQDMLKQVMNPESCLLP-SLHKDYPSHVRIDLMKRAQGPGVCTRMINTILSTLKARGSCGVYLELNSCSKKDVQLYITLG
Ogt-201|Emue_Em0022g648a.t1,Ogt-201,Emue,68.066,1024,292,4,24,1037,97,3093,0,1451,LAELAHVEYQSGHYEQSERLCMELWRREPENTGCLLLLSSIHFQSRRLDKSAQFSALAIKKNPILAEAYSNLGNVYKERGQLQQALDHYKHAVRLKPEFVDGYINLAAAQVAAGELHQAVEAYMTALRYNPDLYGVRSDLGNLLKALGKLEEAKACYRKAIDTHPTFAVAWSNLGCVYNAQGEIWLAIHHFEKAVQLDPTFLDAYINLGNVLKEARIFDRAVAAYLRALALSPNHAIVHGNLACVYYEQGLIELAIDTYRRAIELQAHFPDAYCNLANALKEEGKVVEAEECYNTALRMNPSHADSLNNLANIKREQGLIEDAIALYRKALEIVPEFAAAHSNLASILQMQGKLQEALIHYKEAIRIHPTFADAYSNMGNTLKEMQDIQGALQCYTRAIQINPAFADAHSNLASIHKDSGNVTDAIASYKMALKLKPDFPDAFCNLAHCLQIICDWSNYDVRMKKIVQIVDAQLAKNRLPSVHPHHSMLYPLSHSQRKGIAARHALLCLEKVSSLGRNRYSYPTNLKGSGGRLRIGYVSSDFCNHPTSHLMQSIPGYHSRGNVEIFCYSLSPDDNTSFRRKIQEESEHFLDLSKIPDNGQAADRINADGIHIMVNLNGYTKGARNEIFALKPAPIQVMWLGYPGSSGADYMDYIITDRITSPLHLSEQYSEKLAYMPHTFFIGDHYNMFPHLLHKGVGTTNPDSLRAIDSQS------GVIRINGVIQPPHYSVVPQ------------QPPLQALAAMQQHSFGTSTLLQSPVPT-------LSVQSYPFHALLPSQSASLSKDTPLTLPTDLPYTARSQYGLPEDAVIYCNFNQLYKIDPCTLESWAIILKSVPNSCLWLLRFPAAGEANVVGSMMKLGVPRGRIVFSSVAPKEEHVRRGRLADLCLDTPLCNGHTTGVDVLWAGTPVLTLPLETLASRVAASQLCGMGFPELVASSRQDYEDKAIHLGNNPLELSALKARIQEARTKSPLFDAKRYATDMEKLFRKMWDRYEKGLPAEHIL
Oga-201|Gasp_gasp1.m3.30146.m1,Oga-201,Gasp,38.928,858,401,18,122,916,1300,3693,1.0999999999999998e-177,551,LIVSSKESGITFYYALSPGLDILFSNSRDVQLLKKKMDQVQKLGCEAFALLFDDIDPQLHGADLEAFTSFGDAQVEITNNIYKHLGCP-SFLFCPTEYCGTRAVPTVETSDYLITLGNKLNPKINIMWTGPKVVSKVITTQTIEALTTVLKRKPVIWDNIHANDYDQRRVFLGPYDGRPVELFPLLNGVLTNPNCEFESNFIAVHTLSSWLRDSSLLTAEEPMSIDLKAEKSSSSSEPMEEDLLASTESDRDSNCEKDSDQGVAQENSSSETDSESAKVEGEMETESTTSLSDSKSATVRTIYNPQNALREAVSAWLEEFS--------KVKHASSRTYAKSG-----AYSMTPEAVPISV-QAPI---GTSPTSHTNVTTTMC---SPAVTPSPIKVAKE------NSRKKLST------------------SSASGKKDEDAVKKE---QEIPMEIGE----------PKEKPALT--PLSVEDLLLLVDLFYLPYNHGQKAKQIIADFKWLKFNAIKEDSQDFMELTEQEQKSKITEWNDRAEKFHEICRSVGEMFVRLTETSNRALLYDLYPYVWDVKEVLQLLDTFVNWLSTKNKRKKQKGQSFYPEDPEPWVFRGGLCGELQRLLPIDGGHEVFNLRAPEIPTTCIYTIRPYQTEDEKSLYEICVATCDDWEDGHDLFPDKQFNMAGDRFVGPYLRICPEHVFVVEDGEGICGSAVAAPDSKHFYEQFKKHWLPEVCKKYQKPHGNASEWTYAEQLANGFHSPKIFLPEDLALKFSAHVQIYLLPRAQNLGLGKRLLACVLSALKAEECTGVHCEIATTNNNALDFYTKLGFYNIPLKEPAPPDTVIFGRTF
Ogt-201|Gasp_gasp1.m3.421.m1,Ogt-201,Gasp,85.116,692,103,0,24,715,486,2561,0,1272,LAELAHREYQAGSYDRAEQICMQLWRQQPENTGVLLLLSSIHFQCRRLDRSAHFSTLAIKQNPVLAEAYSNLGNVFKERGQLKDALDNYRHAVKLKPDFIDGYINLAAALVAAGDLEGAVNAYATALQYNPDLYCVRSDLGNLLKALGRLEEAKACYLKAIETQPSFAVAWSNLGCVFNAQGEIWLAIHHFEKAVQLDQNFLDAYINLGNVLKEARIFDRAVAAYLRALNLSPNHAVVHGNLACVYYEQGLIDLAVDTYRRAIELQPNFPDAYCNLANALKEQGKVSEAEECYNTALRLCPTHADSLNNLANIKREQGKIEESVRLYCKALEIFPEFAAAHSNLASVLQQQGKLHEALLHYKEAIRIHPTFADAYSNMGNTLKEMQDIQGAIQCYTRAIQINPAFADAHSNLASVHKDSGNIPEAIQSYRTALKLKPSFPDAYCNLAHCLQIICDWTDYESRMKKLVSIVADQLENNRLPSVHPHHSMLYPLTHKMRRDIANRHGNLCVEKVALLHKPPYSYPKSLKESGGRLRIGYVSSDFGNHPTSHLMQSVPGFHDSNRVEIFCYALTADDGTSFRRKIEGDSEHFVDLSSIPCHGEAADRINADGIHVLVNMNGYTKGARNEIFALRPAPVQVMWLGYPGTSGAPYMDYIITDEVTSPRELADQYSEKLAYMPHTFFVGDHKQMFPHL
Oga-201|Gfas_gfas1.m1.19219.m1,Oga-201,Gfas,43.292,723,300,14,60,732,137,2125,1.3799999999999999e-178,534,FLSGVVEGFYGRPWTYEQRKELFFRLKNLEMNTYLYAPKDDLKHRALWRDLYSPEETENLKQLISSSKECGIMFYYALSPGLDILFSSTKDIQLLKRKMDQVQKLGCEAFALLFDDIDPQLHGADVEAFLSFGDAQVEITNNIYKYLGCPR-FLFCPTEYCGTRAVPNVETSDYLLTLGNKLNPKINIMWTGPKVVSKVITTQTIEALTSVLKRRPVIWDNIHANDYDQRRVFLGPYDGRPVELFPMLNGVLTNPNCEFESNFIAVHTLSSWLRDASLVTVEEPMSVDLKASSSAEPMEEDPLASGESNGNDSADGKTAPAVSQDDGEVVKVEGEMDTESGTSLNEPKSAATHTVYDPQNALREAVSAWLEEFSKVKNATSRTYAKSGAYSVTPEAMPVQVQAPMAACTRSTTSTTNSVCS---------AVVT-----------PSPIKVAKENSRK--------------KLSTSLSP--EKKEQEAVKKEQEMPM------DIAEMK---------------EKPAPT--PLNANDLLLLVDLFYLPYNHGQQAKQIISDFKWLKFNAIKEDSQEFMELTEQEQKSKVTEWNEKAEKFHEICRSVEEMFVRLTETSNRALLYDLYPYVWDVKEVLQLLDTFVNWLSTKNKRKKQKGQSFYPEDPEPWVFRGGLCGELQRLLPIDGGHEVFNLRAPDVPSTCIYTIRPYQPEDEVQCCLNC
Ogt-201|Gfas_gfas1.m1.14790.m1,Ogt-201,Gfas,70.814,860,207,7,177,1036,2034,4481,0,1250,KACYLKAIETQPSFAVAWSNLGCVFNAQGEIWLAIHHFEKAVQLDQNFLDAYINLGNVLKEARIFDRAVAAYLRALNLSPNHAVVHGNLACVYYEQGLIDLAVETYRRAIELQPNFPDAYCNLANALKEQGKVTEAEECYNTALRLCPTHADSLNNLANIKREQGKIEESVRLYCKAIEIFPEFAAAHSNLASVLQQQGKLHDALLHYKEAIRIHPTFADAYSNMGNTLKEMQDIQGAIQCYTRAIQINPAFADAHSNLASVHKDSGNIPEAIQSYRTAMKLKPSFPDAYCNLAHCLQIICDWTDYESRMKKLVSIVADQLENNRLPSVHPHHSMLYPLTHKMRRDIANRHGNLCVEKVALLHKPPYSYPKSLKESGGRLRIG*VSSDFGNHPTSHLMQSVPGFHESNRVEVFCYALTADDNTSFRKKIEGDAEHFVDLSSIPCHGEAADRINADGIHILVNMNGYTKGARNEIFALRPAPIQVMWLGYPGTSGAPYMNYIITDKVTSPVELADQYSEKLAYMPHTFFVGDHKQMFPHLIQ--YLRASSNQVIAE--VTQNGMVPAHAAAVLLD---------DEKNDPTLANK------------VGALIEEKKREYSGCKDSGERIP---TTVPIITRSHYG--LPEDAIV--------------YCNFNQLYKIDPPTLRSWVSILTHVPNSVLWLLRFPAVGEPNLKAQAMAMGLSQERIILSPVAPKEEHVRRGQLADVCLDTPLCNGHTTGMDVLWAGCPMVTLPLETLASRVASSQLTALGCPELVARNREDYENIAIRLGNDANYLKRTKDKVWNARLRSPLFNTSRYAHDLESLLMKIWRRHESGLECDHV
Oga-201|Hsal_ENA_GHBP01000457_GHBP01000457.1,Oga-201,Hsal,48.241,199,103,0,58,256,1175,1771,2.82e-59,212,KSFLCGIVEGFYGTPWSSSQREHLFYTLNRLKLNTYIYAPKDDQKHRKNWRDLYDRNESENISRLIACARQHGINFVYSISPGLDILYSCKNEREALKLKLQQVLNLGANGVGIFFDDIEPDLREQDAILYETYAAAQINITNFIFDALARPAIFLFCPTEYCTSRAKPSIIKSLYLRAIGETLNDSILIMWTGPRVIS
Ogt-201|Hsal_ENA_GHBP01003577_GHBP01003577.1,Ogt-201,Hsal,56.41,312,136,0,294,605,3,938,9.33e-127,387,DAYCNLANALKEKGMIKEAEQYYNIAICLCPTHADSFNNLANIYREQGKVKESIELYRKALEISPNFAAAHSNIATVLQQCGNLTDAIQHYQRAVNANPSYPEGHCFLGNALKEIGNYKAAIECYMRAIQINPCSPDAHAFLGTVYKDSGNIVEAIHAFKISLKFRSNFSEVFCNLIHCYQLICDWNGYEERMQKLISIVSEQLEKNRPPTVHPHHTMLYPLTFAQSKCIANRHSIFCLDRISFLGLKIKTHSNNKFTKGKRIKVGYVSSDFCNHPTSHLIQSIPGLHDNKIIEVFCYSLIASDDSSFRRKI
Ogt-201|Kiwa_ENA_GBGI01021732_GBGI01021732.1,Ogt-201,Kiwa,21.012,257,188,4,26,275,1893,1147,3.95e-11,67,ELGNAEYKKKNFNDALEYYNKALELEPTNVTYMNNIAATYLEMKEFKKCIQECKKAVEVGRENRADFKHIARAFARIGSAKYKMGKIDKAIKYYEKSLT---EFRDPDVVKKLRTIENEKKDAEAKAYL-----NPEIAESERIKGNELFAAGQYPDAIKHYTESLKRNPDDHRVYSNRAACFIKLMEFYLAIKDCDACIKLDPKFIKAYLRKGHAFLALKQIFQAQSAFEKALEVDPGNKEAYDGLSSCNEEKNKL
Oga-201|Mcap_g36526,Oga-201,Mcap,46.277,376,153,3,90,417,1,1125,2.4800000000000003e-105,346,MNTYLYAPKDDLKHRALWRDLYSPEETENLKQLITSSKECGVTFYYALSPGLDILFSSTRDIQQLKRKMGQVQKLGCEAFALLFDDIDPQLHGADVDAFRSFGQAQVEITNVIYKYLG-CSHFLFCPTEYCGTRAVPNVETSDYLNTLGTKLDPKINIMWTGPKVISKVISTQTIEALTNVLKRKPVIWDNIHANDYDQRRVFLGPYDGRPVELFPMLNGVLTNPNCEFESNFIAIHTLASWSRDASLVTVEEPMSIDPKASSSAEPMEEDLLASTESNESESVDGKTEEEVSQDNVGGEISDTETVKVEGEMDTESGASLIESKSTVAHSVYDPQNALQEAVTAWLEEFSKVKNATSRTYAKSGAYCVTPEAMPV
Ogt-201|Mcap_g57432,Ogt-201,Mcap,85.405,692,101,0,24,715,40,2115,0,1271,LAELAHREYQAGSYDRAEQICMQLWRQQPENTGVLLLLSSIHFQCRRLDRSAHFSTLAIKQNPVLAEAYSNLGNVFKERGQLKDALDNYRHAVKLKPDFIDGYINLAAALVAAGDLEGAVNAYATALQYNPDLYCVRSDLGNLLKALGRLEEAKACYLKAIETQPSFAVAWSNLGCVFNAQGEIWLAIHHFEKAVQLDQNFLDAYINLGNVLKEARIFDRAVAAYLRALNLSPNHAVVHGNLACVYYEQGLIDLAVDTYRRAIELQPNFPDAYCNLANALKEQGKVAEAEECYNTALRLCSTHADSLNNLANIKREQGKIEESVRLYCKALEIFPEFAAAHSNLASVLQQQGKLHDALLHYKEAIRIHPTFADAYSNMGNTLKEMQDIQGAIQCYTRAIQINPAFADAHSNLASVHKDSGNIPEAIQSYRTALKLKPSFPDAYCNLAHCLQIICDWTDYESRMKKLVSIVADQLENNRLPSVHPHHSMLYPLTHKMRRDIANRHGNLCVEKVALLHKPPYSYPESLKESGGRLRIGYVSSDFGNHPTSHLMQSIPGFHDTNRVEIFCYALTADDNTSFRKKIEADAEHFVDLSSVPCHGDAADRIHADGIHILVNMNGYTKGARNEIFALRPAPIQVMWLGYPGTSGAPYMDYIITDKVTSPMELADQYSEKLAYMPHTFFVGDHKQMFPHL
Oga-201|Msqu_ENA_GHBR01000351_GHBR01000351.1,Oga-201,Msqu,47.955,269,140,0,63,331,151,957,1.1999999999999998e-88,289,GVVEGFYGTPWSTFQRQKLFYTMNKQNLNTYIYAPKDDEKHRKNWRIFYDQTECNNILNLIESARAQHINFVYVISPGLDIVYSSQSDREILKQKIEQVIALGASGVGLFLDDIEPELLEQDAILYESFSHAHVDITNYIYDAVGRPKIFVFCPTEYCSSRAKPSLGTSNYLHRLGECLHENIIIMWTGPRVVSRAIPRDHIKEVCKVLKRKPLIWDNLHANDYDKHQIFLGPFSNRPLSLFPHIKGFVLNPNCQYELNFIPILSFSFW
Ogt-201|Msqu_ENA_GHBR01000175_GHBR01000175.1,Ogt-201,Msqu,47.266,512,229,6,536,1046,197,1612,2.8799999999999995e-160,483,NFLA*KPKKHHDTKREKGRRIKLGYVSSDFCNHPTSHLIQSIPGLHDKKKFEVYCYSLIAGDDSSFRKKIEREVEHFIDISSITNVGEIADMISDHGIQILLNLNGYTKGARNEIFALKPAPIQIMYLGYPSTSGSNYMDYIITDKVTSPMEHEEHYSEKFAYMPNSFFIGDHARMFPHVLR----DLTSHCSITS---IVSGCNQKS--------PIFSQHCND------ISNLSYIRDRKTLNQYVDFHLKQRNEENLKC-------------------KNSGERIPEMNEWILDRKFLGILKDNFVFCNFNQLYKLDPNTFSCWCRILNRVPNSVLWLLKFPKFGESNLREYAKKHGVPQSKIIFTDVAGKEEHVRRGQIADICLDTPICNGHTTGMDVLWAGCPIVTMPLNSFASRVGSSIMTAIGCKELVVNNFKEYEEISVKLAIDKEYYKKIKSKIWFNRVSSSLFNVNKYTSDFDSLLYKIWDSYTKNNKIIHILDSSPLLDSS
Oga-201|Nvec_XM_032364643.1,Oga-201,Nvec,39.451,910,430,18,58,916,182,2701,0,642,RPFSSGVVEGFYGRPWTFEQRKELFVRMRVLGMSTYLYAPKDDLKHRAKWRELYNLEESENLRMLISCAKENGVAFYYALSPGLDIIFSSAKDVQLLKKKMEQLQGLGCEAFSLLFDDIDPELKFPDENIFSHFGDAQVKLTNEMYHHLKCPK-FLFCPTEYCATRAVPNVETSQYLSILGNKLESKIDIMWTGPKVISQHITPESIQTLSRVLKRKPVIWDNIHANDYDQRRVFLGPYHGRPVELYKHLNGILTNPNCEFESNFIAIHTLATWVRCAKGESAATVDEPMNLDPVTDKVNGEHMEEDPIDATIPDSPVTTNAKSADVKVDVKADEIAKEESPMETDNVVSLPYDPDLALKEAVLAWLLEFQKEKHPSPCPYAKSGPYS--VSTTP-------------------PVQKQAPMCTG-----TNTTNSVSPVCTPSAYRTAKQNSRKRMNI---------APSLENIRSIKEDIESLM---------------DVAEVK-------------PNIK-VKVSTPLQVEDLMLLVDLFYLPYNHGIKARHFITEFKWLKAH----AINEDNEDFKELTEEQQKTKLTEWKARAEDFHQQCQAVSDMFVRFSETPNRALLYDIYPYLWDIKESISLLDTFVTWLNSKSRLKKQRPNFYPEDPEPWVFRGGLCGELQRLLPVDSNTDMYSIRAPDVPTTCVYTIRPFQPEDEKSMYEICLSTCDDGEDGHDLFSNEPSMAGDRFVGPYISICPEHVFVVEDSEGVCGYAVSTPDAATFYNMYRQTWCPEVRKKYTRPSGNSSDWTYSEHIADEFHIPKVFLPDELYSKHKAKVRLDLLPRARDHFLAKRLMMCVLSALKSEGCTSVYSEINVNNSVMLELYCRLGFYEVM-LKQVPEDHLIYGRNF
Ogt-201|Nvec_XM_032364010.1,Ogt-201,Nvec,72.71,1026,209,6,24,1036,167,3070,0,1536,LAELAHREYQSGNYDRAEQICMQLWRREPDNTGVLLLLSSIHFQCRRLDRSAHFSTLAIKQNPMLAEAYSNLGNVFKERGQLKDALANYRHAVKLKPDFIDGYINLAAALVAAGDLEGAVHAYATALQYNPDLYCVRSDLGNLLKALGRLEEAKACYLKAIETQPSFAVAWSNLGCVFNAQGEIWLAIHHFEKAVQLDPNFLDAYINLGNVLKEARIFDRAVAAYLRALNLSPNHAVVHGNLACVYYEQGLIDLAVDTYRRAIELQPNFPDAYCNLANALKEQGKVSEAEECYNTALQLSPTHADSLNNLANIKREQGKIEESIRLYCKALEIFPEFAAAHSNLASVLQQQGKLQEALLHYKEAIRIHPTFADAFSNMGNLLKEMQDIQGAIQCYSRAIQINPAFADAHSNLASVHKDSGNIPEAIQSYRTALKLKPSFPDAYCNLAHCLQIICDWTDYDNRMKKLVNIVAEQLEHNRLPSVHPHHSMLYPLTHEFRRAIANRHGNLCVEKVALLHKAPFVYPKDLHLSGGRLRIGYVSSDFGNHPTSHLMQSIPGFHDRTRVEVFCYALTADDNTSFRKKISREAEHFTDLSSVACHGEAADRIHADGIHILVNMNGYTKGARNEIFALRPAAIQAMWLGYPGTSGAPYMDYIITDKTTSPLEHADQYSEKLAYMPNTFFVGDHKQMFPHLMQNLRTPSNEANLDPTHNGVVQQHIQTRVLNGESDLNFVKKITALVEEKKEEYSGCKDSGE-----RIPLTMP-------------LTCRSQYGLPEDAF----------------------------------------VYCNFNQLYKIDPKTLKTWANILRRVPNSVLWLLKFPAVGESNIKAEVSSMGLSQDRVIFSPVAPKEEHVRRGQLADVCLDTPLCNGHTTCMDVLWAGCPVVTLPLDTLASRVASSQLNALGCSELIADSRGDYEEIAVRLGNDKGHFEKIRRKVWRNRFTSPLFNTRQYTHDLEDLFFAMWRRCEKGGEVDHI
Oga-201|Pbac_AVPN01000376.1,Oga-201,Pbac,73.913,46,12,0,276,321,27790,27653,1.23e-15,84.3,VIWDNLHANDYDQRRMFLGPYCGRSPALVPLLSGVLTNPNCEYEVS
Ogt-201|Pbac_AVPN01001313.1,Ogt-201,Pbac,46.829,205,22,2,309,426,13859,14473,3.28e-39,161,QIFCYGLSPDDGTSFRKKVHSEAEHFVDLSKYPCNGDAADKINSDGIHILINMNGYTKGARNEIFALRPAPVQVDIL
Oga-201|Pdam_Pocillopora_damicornis_8779,Oga-201,Pdam,41.304,230,129,4,675,899,10,696,1.95e-50,176,DPEPWVFRGGLCGELQRLLPIDGGHEVFNLRAPEIPTTCIYTIRPYQADDEKSLYEICVSTCDDWGDGHDLFP-DKQFNMAGDRFVGPYLKICPEHVFVVEDGDGICGYAVAAPDSKHFYEQFKKHWLPEVCKKYKMPAGNSPEWTYAEQLANSLHNPKIFLPEDVCLKFGAHVQIHLLPRAQDLGLGKRLLACVLSALKAEDCTGVHCEIATTNNNALDFYTKLGFYAI
Ogt-201|Pdam_Pocillopora_damicornis_1040,Ogt-201,Pdam,70.642,218,64,0,819,1036,610,1263,3.219999999999999e-107,339,SGERIPSTVPIITRSHYGLPEEAIVYCNFNQLYKIDPPTLRSWVNILKEVPNSVLWLLRFPAVGEPNLKAQAMAMGLSQERVIFSPVAPKEEHVRRGQLADVCLDTPLCNGHTTGMDVLWAGCPMVTLPLETLASRVASSQLTALGCPELIANSRVDYENIAIRLGNDANYLKKVKDKVWNARLRSPLFNTRQYARDLEGLLIKIWRRHESGLEADHI
Oga-201|Plut_plut2.m8.12310.m1,Oga-201,Plut,43.08,448,166,6,60,419,154,1494,3.829999999999999e-107,363,FLSGVVEGFYGRPWTYDQRKELFYSGLWQLLFFNVPSVIREFVAGDKEEPAILISRAGLFEAGLQDDPGIKSLGMNTYLYAPKDDLKHRALWRDLYGPEETENLKQLIASSKECGITFYYALSPGLDISFSSSRDIHLLQRKMDQVQKLGCVAFALLFDDIDPQLHGPDVDAFSSFGDAQVEVTNNVYKHLGCP-SFLFCPTEYCGTRAVPTVETSDYLITLGNKLDPKINIMWTGPKVVSKIISTQTIETLTNVLKRRPVIWDNIHANDYDQRRVFLGPYDGRPVELFPMLNGVLTNPNCEFESNFIAVHTLASWLRDASLVSAEEPMNIDPKSSGSMEPMEEDLSNVEGSVNSISGEKTDQEDSQDGAASGASSEVVKVEGQMDTESVASLGKSVSSRTSYDPQSALQEAVSAWLKEFSKVKSASSRTYAKSGPYSMTPEPMPVQA
Ogt-201|Plut_plut2.m8.21119.m1,Ogt-201,Plut,67.227,714,217,2,23,729,506,2617,0,976,GYINLAAALVAAGDLEGAVNAYATALQYNPDLYCVRSDLGNLLKALGRLEEAKACYLKAIETQPSFAVAWSNLGCVFNAQGEIWLAIHHFEKAVQLDQNFLDAYINLGNVLKEARIFDRAVAAYLRALNLSPNHAVVHGNLACVYYEQGLIDLAVDTYRRAIELQPNFPDAYCNLANALKEQS----------KAVQLDQNFLDAYINLGNVLKEARIFDRAVAAYLRALNLSPNHAVVHGNLACVYYEQGLIDLAVDTYRRAIELQPNFPDAYCNLANALKEQSKVSEAEECYNTALRLSPTHADSLNNLANIKREQGKIEESVRLYCKALEIFPEFAAAHSNLASVLQQQGKLHEALLHYKEAIRIHPTFADAYSNMGNTLKEMQDIQGAIQCYTRAIQINPAFADAHSNLASVHKDSGNIPEAIQSYRTALKLKPNFPDAYCNLAHCLQIICDWTDYESRMKKLVSIVADQLENNRLPSVHPHHSMLYPLTHKMRRDIANRHGNLCVEKVALLHKPPYSYPTSLKESGGRLRIGYVSSDFGNHPTSHLMQSIPGFHDTSRVEIFCYALTADDQTSFRKKIEGDAEHFVDLSSIPCHGEAADRINADGIHVLVNMNGYTKGARNEIFALRPAPVQVMWLGYPGTSGAPYMDYIITDKVTSPLELADQYSEKLAYMPHTFFVGDHKQMFPHLIQYLRAANNQVIVEVTQNGTV
Oga-201|Prus_Prusg14465.t1,Oga-201,Prus,42.5,200,71,4,251,406,139,738,4.33e-39,152,GPKVVSKIISTQTIETLTNVLKRRPVIWDNIHANDYDQRRVFLGPYDGRPVELFPMLNGVLTNPNCEFESNFIAVHTLASWLRDASLVSAEEPMNIDPKSSGSMEPMEEDLSNVEGSVNSVSGEKTDQEDSQDGAASGTSSEVVKVDGQMDTESVASLGKSVSSRTSYDPQSALQEAVSAWLKEFSKVKSASSRTYAKSG
Ogt-201|Prus_28891_t,Ogt-201,Prus,82.542,716,118,1,21,729,97,2244,0,1268,FSTLAELAHREYQAGSYDRAEQICMQLWRQQPENTGVLLLLSSIHFQCRRLDRSAHFSTLAIKQNPVLAEAYSNLGNVFKERGQLKEALDNYRHAVKLKPDFIDGYINLAAALVAAGDLEGAVNAYATALQYNPDLYCVRSDLGNLLKALGRLEEAKACYLKAIETQPSFAVAWSNLGCVFNAQGEIWLAIHHFEKAVQLDQNFLDAYINLGNVLKEARIFDRAVAAYLRALNLSPNHAVVHGNLACVYYEQGLIDLAVDTYRRAIELQPNFPDAYCNLANALKEQSKVSEAEECYNTALRLSPTHADSLNNLANIKREQGKIEESVRLYCKALEIFPEFAAAHSNLASVLQQQGKLHEALLHYKEAIRIHPTFADAYSNMGNTLKEMQDIQGAIQCYTRAIQINPAFADAHSNLASVHKDSGNIPEAIQSYRTALKLKPNFPDAYCNLAHCLQIICDWTDYESRMKKLVSIVADQLENNRLPSVHPHHSMLYPLTHKMRRDIANRHGNLCVEKVALLHKPPYSYPTSLKESGGRLRIGYVSSDFGNHPTSHLMQSIPGFHDTSRVEIFCYALTTDDQTSFRKKIEGDAEHFVDLSSIPCHGEAADRINADGIHVLVNMNGYTKGARNEIFALRPAPVQVMWLGYPGTSGAPYMDYIITDKVTSPLELADQYSEKLAYMPHTFFVGDHKQMFPHLIQYLRAANNQVIVEVTQNGTV
Oga-201|Pver_TRINITY_DN5022_c0_g1_i3,Oga-201,Pver,35.414,737,344,16,248,916,873,2891,7.98e-125,406,LVKGPKVVSKVISTQTIETLTNVLKRRPVIWDNIHANDYDQRRVFLGPYDGRPVELIPMLNGVLTNPNCEFESNFIAVHTLSSWLKDSSLSTAEEPMSIDSKAEKSSNSSEPMEEDLLASIESEGNENTNKETDQGTAEENSSPETDSESVKVEGAMETESGTSLSEAKSTTSRIAYNPQSALREAVSAWLEEFSKVKAATSRTYAKSGAYS---------MTPESMAVQV-----QAPMVAQATSTTSVTSPVCSPIVNASP-----------------------------IKVAKE-----NSRKKLATSPSPETKIEE-------------VVKKEQEMPMEVMEVKEKPAIT--PLSVEDLLLLVDLFYLPYNHGQKAMQIIADFKWLKFNAIKEDSQEFMELTEQEQKYKLSEWTERAEKFHEICRSVGEMFVRLTETSNRALLYDLYPYVWDVKEVLQLLDTFVNWLSTKNKRKKQKGQSFFPEDPEPWVFRGGLCGELQRLLPIDGGHEVFNLRAPEIPTTCIYTIRPYQADDEKSLYEICVSTCDDWGDGHDLFP-DKQFNMAGDRFVGPYLKICPEHVFVVEDGDGICGYAVAAPDSKHFYEQFKKHWLPEVCKKYKMPAGNSPEWTYAEQLANSLHNPKIFLPEDVCLKFGAHVQIHLLPRAQDLGLGKRLLACVLSALKAEDCTGVHCEIATTNNNALDFYTKLGFYAIPLKDPAPPDMLIFGRTF
Ogt-201|Pver_TRINITY_DN1341_c0_g1_i21,Ogt-201,Pver,73.086,810,174,7,177,986,3018,5315,0,1210,KACYLKAIETQPSFAVAWSNLGCVFNAQGEIWLAIHHFEKAVQLDQNFLDAYINLGNVLKEARIFDRAVAAYLRALNLSPNHAVVHGNLACVYYEQGLIDLAVDTYRRAIELQPNFPDAYCNLANALKEQGKVSEAEECYNTALRLCPTHADSLNNLANIKREQGKIEESVRLYCKALEIFPEFAAAHSNLASVLQQQGKLHEALLHYKEAIRIHPTFADAYSNMGNTLKEMQDVQGAIQCYTRAIQINPAFADAHSNLASVHKDSGNIPEAIQSYRTALKLKPNFPDAYCNLAHCLQIICDWTDYESRMKKLVSIVADQLENNRLPSVHPHHSMLYPLTHKMRRDIANRHGNLCVEKVALLHKPPYSYPRSLKDSGGRLRIGYVSSDFGNHPTSHLMQSVPGFHDHSRVEIFCYALTADDSTSFRRKIEGDAEHFVDLSSIACHGEAADRINSDGIHVLVNMNGYTKGARNEIFALRPAPVQVMWLGYPGTSGAPYMDYIITDKVTSPLELADQYSERLAYMPHTFFVGDHKQMFPHLIQ--YLRASSNQMIAE--VTKNGLVPSHAAAVLLD---------DEKNDPN------------LAPKVGALIEEKKREYSGCKDSGERIP---STVPIITRSHYG--LPEEAIV--------------YCNFNQLYKIDPPTLRSWVNILKEVPNSVLWLLRFPAVGEPNLKAQAMAMGLSQERVIFSPVAPKEEHVRRGQLADVCLDTPLCNGHTTGMDVLWAGCPMVTLPLETLASRVASSQLTALGCPELIANSRVDYENIAIRLGND
Oga-201|Spis_Stylophora_pistillata_17566,Oga-201,Spis,33.108,592,311,12,346,916,148,1731,2.51e-89,295,TDSESVKVEGAMETESGTSLSESKSTTSRIAYNPQSALREAVSAWLEEFSKVKAATSRTYAKSGAYSMTPES--------------IAVQTQAPMVTQATSTTCATSPVSSPIVNVSP-----------------------------IKIAKE-----NSRKKLGTSPSPET-------------KVEEAVKKEQEMPMEVMEVKEKPAIT--PLSVEDLLLLVDLFYLPYNHGQKAMQIIADFKWLKFNAIKEDSQEFMELTEQEQKYKLSEWTERAEKFHEICRSVGEMFVRLTETSNRALLYDLYPYVWDVKEVLQLLDTFVNWLSTKNKRKKQKGQSFFPEDPEPWVFRGGLFGELQRLLPIDGGHEVFNLRAPEIPTTCIYTIRPYQADDEKSLYEICVSTCDDWADGHDLFP-DKQFNMAGDRFVGPYLKICSEHVFVVEDGDGICGYAVAAPDSKHFYEQFKKYWLPEVCKKYKTPAGNSSEWTYAEQLANSFHNPKIFLPEDVCLKFSAHVQIHLLPRAQDLGLGKRLLACVLSALKAEDCTGVHCEIATTNNNALDFYTKLGFYAIPLKDPAPPDMLIFGRTF
Ogt-201|Spis_Stylophora_pistillata_8468,Ogt-201,Spis,78.413,315,68,0,401,715,1,945,0,556,MGNTLKEMQDVQGAIQCYTRAIQINPAFADAHSNLASVHKDSGSIPEAIQSYRTALKLKPNFPDAYCNLAHCLQIICDWTEYESRMKKLVSIVADQLENNRLPSVHPHHSMLYPLTHKIRRDIANRHGNLCVEKVALLHKAPYLYPKSLKESGGRLRIGYVSSDFGNHPTSHLMQSVPGFHDPNRVEIFCYALTADDSTSFRRKIEGDAEHFVDLSSIACHGEAADRINSDGIHVLVNMNGYTKGARNEIFALRPAPVQVMWLGYPGTSGAPYMDYIITDKVTSPLELADQYSERLAYMPHTFFVGDHKQMFPHL
